routes,count,p_values_corr,p_values_poly
31104-31106,4833,0.013995335,0.287128713
31106-31104,4831,0.000999667,0.00990099
31613-31619,4820,0.042652449,0.198019802
31619-31613,3806,0.878373875,0.128712871
31200-31201,3674,0.964678441,0.366336634
31217-31217,3373,0.785071643,0.633663366
31229-31200,3270,0.046317894,0.00990099
31201-31200,3229,0.01766078,0.02970297
31101-31200,2779,0.051982672,0.00990099
31623-31611,2753,0.995334888,0.564356436
31623-31622,2728,0.970343219,0.683168317
31200-31229,2698,0.033655448,0.158415842
31007-31009,2626,0.01032989,0.188118812
31622-31623,2615,0.756747751,0.069306931
31104-31200,2451,0.127624125,0.00990099
31007-31011,2435,0.320559813,0.128712871
31201-31229,2391,0.235254915,0.00990099
31200-31200,2335,0.457514162,0.059405941
31611-31623,2212,0.001999334,0.059405941
31200-31101,2211,0.283905365,0.04950495
31009-31007,2178,0.006331223,0.435643564
31619-31623,2149,0.357214262,0.04950495
31235-31235,2147,0.001332889,0.01980198
31205-31200,2061,0.319893369,0.336633663
31101-31201,2049,0.014995002,0.00990099
31200-31205,2019,0.003332223,0.861386139
31201-31101,2014,0.003332223,0.178217822
31203-31200,2009,0.001666111,0.02970297
31303-31302,1989,0.160279907,0.782178218
31613-31606,1988,0.018993669,0.346534653
31229-31201,1987,0.03098967,0.04950495
31214-31201,1956,0.034321893,0.366336634
31613-31622,1920,0.897700766,0.188118812
31201-31214,1905,0.313895368,0.198019802
31214-31213,1900,0.801066311,0.792079208
31104-31107,1895,0.615461513,0.108910891
31107-31104,1867,0.977674109,0.03960396
31200-31225,1856,0.000333222,0.00990099
31214-31200,1832,0.577474175,0.089108911
31622-31613,1828,0.804398534,0.881188119
31602-31107,1819,0.009663446,0.00990099
31200-31237,1793,0.022992336,0.287128713
31623-31619,1780,0.444851716,0.722772277
31200-31104,1755,0.587137621,0.306930693
31215-31215,1750,0.718093969,0.693069307
31200-31203,1728,0.052649117,0.069306931
31200-31214,1708,0.513828724,0.04950495
31303-31301,1686,0.493835388,0.267326733
31200-31110,1678,0.593468844,0.01980198
31237-31200,1665,0.718760413,0.98019802
31110-31200,1651,0.987337554,0.00990099
31225-31225,1646,0.105964678,0.128712871
31202-31200,1639,0.335554815,0.603960396
31400-31602,1589,0.716427857,0.02970297
31104-31105,1572,0.062312562,0.00990099
31602-31400,1545,0.447517494,0.188118812
31201-31110,1541,0.609796734,0.138613861
31222-31222,1528,0.925358214,0.00990099
31110-31201,1526,0.845718094,0.603960396
31235-31217,1501,0.879373542,0.544554455
31219-31219,1479,0.036321226,0.01980198
31011-31007,1473,0.000333222,0.118811881
31606-31613,1470,0.024658447,0.138613861
31101-31203,1443,0.004998334,0.178217822
31200-31202,1443,0.010996335,0.00990099
31229-31214,1431,0.051316228,0.831683168
31602-31401,1418,0.075308231,0.01980198
31623-31218,1401,0.217927358,0.425742574
31103-31200,1391,0.088637121,0.00990099
31200-31215,1386,0.004665112,0.00990099
31237-31237,1361,0.056314562,0.01980198
31111-31201,1351,0.68443852,0.584158416
31105-31104,1346,0.080306564,0.04950495
31205-31205,1335,0.04565145,0.03960396
31225-31200,1335,0.021992669,0.01980198
31623-31616,1319,0.145618127,0.336633663
31212-31200,1311,0.347884039,0.534653465
31401-31602,1311,0.666444518,0.01980198
31600-31620,1310,0.006331223,0.01980198
31101-31214,1309,0.12095968,0.247524752
31204-31204,1309,0.048983672,0.247524752
31610-31623,1308,0.793402199,0.00990099
31610-31619,1303,0.136621126,0.326732673
31620-31600,1297,0.055648117,0.425742574
31619-31605,1288,0.253582139,0.089108911
31103-31104,1281,0.871042986,0.415841584
31228-31228,1278,0.11362879,0.00990099
31007-31010,1276,0.848717094,0.148514851
31104-31110,1276,0.4985005,0.00990099
31302-31305,1276,0.000333222,0.089108911
31107-31602,1268,0.691436188,0.178217822
31201-31111,1268,0.973008997,0.930693069
31301-31303,1268,0.002665778,0.00990099
31106-31103,1265,0.18293902,0.217821782
31218-31623,1263,0.13128957,0.099009901
31104-31602,1257,0.223592136,0.01980198
31105-31101,1249,0.015328224,0.03960396
31203-31101,1249,0.630123292,0.02970297
31111-31200,1243,0.428190603,0.861386139
31200-31111,1241,0.534821726,0.04950495
31619-31610,1236,0.69176941,0.069306931
31623-31610,1234,0.021326225,0.504950495
31613-31607,1223,0.631456181,0.059405941
31200-31212,1221,0.184938354,0.03960396
31603-31616,1211,0.150616461,0.207920792
31214-31110,1206,0.306897701,0.01980198
31214-31101,1201,0.554815062,0.455445545
31623-31613,1192,0.317227591,0.712871287
31104-31214,1186,0.45718094,0.00990099
31623-31618,1186,0.602465845,0.099009901
31217-31235,1170,0.000999667,0.04950495
31236-31200,1162,0.306897701,0.059405941
31103-31106,1159,0.000999667,0.00990099
31602-31104,1156,0.024991669,0.267326733
31218-31217,1152,0.173942019,0.831683168
31217-31218,1131,0.083305565,0.128712871
31106-31200,1126,0.091636121,0.079207921
31208-31623,1126,0.001332889,0.059405941
31203-31228,1124,0.777074309,0.871287129
31204-31205,1124,0.008330556,0.01980198
31607-31613,1108,0.107964012,0.02970297
31214-31205,1104,0.266244585,0.118811881
31623-31208,1102,0.199933356,0.841584158
31302-31303,1096,0.996334555,0.00990099
31613-31208,1095,0.286571143,0.04950495
31205-31204,1092,0.040319893,0.02970297
31105-31200,1090,0.030323226,0.495049505
31214-31229,1088,0.698767078,0.168316832
31214-31221,1085,0.016327891,0.03960396
31203-31216,1078,0.583472176,0.148514851
31214-31212,1073,0.016661113,0.306930693
31229-31213,1062,0.229256914,0.03960396
31107-31200,1060,0.639453515,0.00990099
31108-31208,1057,0.151282906,0.415841584
31605-31619,1056,0.853715428,0.99009901
31603-31623,1054,0.181939354,0.02970297
31237-31225,1048,0.337887371,0.00990099
31613-31613,1045,0.088303899,0.594059406
31613-31623,1044,0.08697101,0.732673267
31221-31201,1040,0.343218927,0.00990099
31205-31229,1034,0.367544152,0.861386139
31618-31619,1033,0.557814062,0.069306931
31104-31103,1029,0.623792069,0.782178218
31218-31108,1023,0.862379207,0.306930693
31108-31218,1021,0.84371876,0.257425743
31623-31603,1020,0.379873376,0.217821782
31214-31111,1019,0.008330556,0.00990099
31605-31613,1017,0.000999667,0.138613861
31618-31623,1017,0.194935022,0.079207921
31012-31007,1013,0.073975342,0.128712871
31223-31203,1013,0.650783072,0.237623762
31616-31623,1004,0.000999667,0.03960396
31103-31214,1003,0.015328224,0.821782178
31205-31214,1003,0.298233922,0.851485149
31229-31111,1001,0.94401866,0.297029703
31111-31214,1000,0.436187937,0.96039604
31110-31205,998,0.970009997,0.821782178
31201-31223,996,0.332222592,0.00990099
31616-31603,993,0.206264578,0.03960396
31110-31214,990,0.016661113,0.237623762
31201-31201,985,0.391869377,0.227722772
31007-31012,982,0.062979007,0.643564356
31212-31201,982,0.612795735,0.693069307
31236-31236,982,0.064311896,0.02970297
31204-31200,974,0.000333222,0.336633663
31623-31217,973,0.059646784,0.207920792
31229-31205,969,0.332555815,0.386138614
31228-31203,964,0.057314229,0.346534653
31212-31214,962,0.035321559,0.524752475
31110-31101,961,0.381206265,0.376237624
31616-31611,960,0.586137954,0.04950495
31108-31108,957,0.160946351,0.435643564
31221-31214,956,0.573475508,0.00990099
31602-31200,955,0.020326558,0.98019802
31110-31104,954,0.731422859,0.089108911
31225-31237,953,0.543818727,0.069306931
31602-31102,952,0.000333222,0.02970297
31110-31212,949,0.373875375,0.554455446
31217-31623,945,0.052982339,0.782178218
31109-31200,944,0.001332889,0.435643564
31200-31236,944,0.038653782,0.099009901
31608-31208,940,0.589803399,0.396039604
31238-31238,938,0.716427857,0.98019802
31013-31007,934,0.003332223,0.188118812
31213-31214,932,0.820726425,0.316831683
31214-31214,928,0.424525158,0.00990099
31212-31212,925,0.018660447,0.435643564
31205-31212,924,0.580139953,0.792079208
31214-31104,923,0.176607797,0.445544554
31623-31617,922,0.185938021,0.00990099
31103-31107,920,0.995001666,0.198019802
31208-31108,913,0.55314895,0.089108911
31105-31203,912,0.252915695,0.00990099
31203-31203,911,0.684771743,0.336633663
31228-31600,911,0.396867711,0.306930693
31100-31206,908,0.997334222,0.198019802
31104-31101,908,0.967010996,0.257425743
31101-31110,906,0.001332889,0.544554455
31206-31100,906,0.320559813,0.01980198
31218-31218,903,0.059980007,0.128712871
31200-31106,901,0.001999334,0.247524752
31203-31110,894,0.407530823,0.188118812
31623-31623,892,0.746084638,0.178217822
31203-31221,888,0.300233256,0.079207921
31228-31201,886,0.84071976,0.465346535
31623-31605,885,0.141952682,0.415841584
31235-31219,884,0.139620127,0.841584158
31300-31305,881,0.412862379,0.168316832
31104-31104,879,0.893035655,0.811881188
31623-31228,879,0.106297901,0.04950495
31105-31106,878,0.289903366,0.01980198
31600-31228,878,0.729423525,0.138613861
31231-31231,877,0.016327891,0.059405941
31613-31608,873,0.763412196,0.683168317
31223-31201,872,0.252915695,0.02970297
31213-31201,868,0.415528157,0.693069307
31110-31229,867,0.570476508,0.207920792
31605-31623,864,0.5044985,0.118811881
31103-31201,860,0.19026991,0.356435644
31103-31101,859,0.013995335,0.069306931
31200-31204,859,0.106297901,0.00990099
31202-31201,855,0.978340553,0.02970297
31208-31613,853,0.97634122,0.247524752
31103-31229,852,0.77574142,0.702970297
31219-31217,849,0.627790736,0.178217822
31620-31623,844,0.891702766,0.089108911
31218-31219,843,0.957014329,0.00990099
31237-31205,843,0.087637454,0.247524752
31617-31623,840,0.194935022,0.544554455
31619-31618,839,0.382205931,0.02970297
31607-31619,834,0.652115961,0.168316832
31618-31613,834,0.76841053,0.02970297
31102-31111,832,0.476841053,0.069306931
31007-31013,831,0.000333222,0.158415842
31202-31214,831,0.463512163,0.00990099
31212-31205,831,0.831056315,0.504950495
31212-31237,831,0.176274575,0.059405941
31100-31201,830,0.063645452,0.02970297
31106-31106,826,0.402532489,0.04950495
31613-31618,826,0.512495835,0.079207921
31106-31105,825,0.931689437,0.514851485
31111-31203,825,0.912029324,0.930693069
31605-31208,825,0.714428524,0.683168317
31202-31101,824,0.033322226,0.267326733
31229-31221,823,0.955348217,0.98019802
31232-31232,821,0.150283239,0.752475248
31611-31616,817,0.109963346,0.01980198
31111-31229,816,0.716427857,0.396039604
31219-31235,816,0.58847051,0.04950495
31604-31624,816,0.087304232,0.158415842
31624-31600,812,0.857714095,0.02970297
31101-31202,811,0.770076641,0.495049505
31305-31104,809,0.398533822,0.158415842
31215-31200,808,0.256914362,0.138613861
31200-31107,807,0.33622126,0.722772277
31237-31110,807,0.736421193,0.98019802
31605-31606,806,0.080973009,0.831683168
31201-31212,805,0.146951016,0.00990099
31205-31237,805,0.227590803,0.495049505
31212-31110,803,0.505164945,0.118811881
31212-31225,801,0.639786738,0.04950495
31222-31201,796,0.743085638,0.00990099
31110-31213,793,0.716427857,0.00990099
31104-31201,792,0.030656448,0.455445545
31203-31223,792,0.717760746,0.247524752
31100-31200,791,0.00733089,0.079207921
31101-31105,784,0.381872709,0.772277228
31101-31221,782,0.954015328,0.861386139
31224-31200,781,0.079973342,0.01980198
31613-31611,781,0.226591136,0.336633663
31200-31224,780,0.194601799,0.138613861
31221-31229,776,0.003665445,0.485148515
31208-31208,774,0.03832056,0.267326733
31101-31213,772,0.294235255,0.00990099
31201-31221,771,0.101299567,0.079207921
31205-31225,771,0.619126958,0.00990099
31219-31218,771,0.754081973,1
31107-31110,770,0.81706098,0.069306931
31107-31106,769,0.253582139,0.792079208
31224-31214,769,0.196267911,0.01980198
31604-31623,769,0.07664112,0.00990099
31104-31205,768,0.078973675,0.158415842
31205-31110,765,0.804731756,0.415841584
31217-31219,763,0.052315895,0.01980198
31619-31607,763,0.160613129,0.336633663
31613-31605,761,0.714095302,0.089108911
31201-31503,757,0.730423192,0.217821782
31225-31205,753,0.681106298,0.01980198
31200-31105,750,0.000333222,0.594059406
31201-31109,749,0.942352549,0.613861386
31201-31202,748,0.74041986,0.306930693
31222-31218,747,0.929356881,0.435643564
31304-31200,745,0.222925691,0.762376238
31200-31103,744,0.128623792,0.207920792
31110-31225,743,0.319560147,0.920792079
31605-31610,743,0.564145285,0.089108911
31611-31613,743,0.535154948,0.207920792
31107-31103,742,0.482172609,0.96039604
31623-31620,742,0.988337221,0.00990099
31237-31212,741,0.124958347,0.089108911
31102-31602,740,0.748083972,0.237623762
31108-31609,740,0.583805398,0.00990099
31218-31208,738,0.323225591,0.128712871
31227-31228,738,0.623792069,0.148514851
31228-31624,737,0.541486171,0.940594059
31602-31101,737,0.287237587,0.574257426
31105-31201,734,0.47050983,0.217821782
31103-31110,733,0.116961013,0.465346535
31200-31220,733,0.538487171,0.108910891
31110-31203,732,0.701766078,0.485148515
31110-31221,730,0.965678107,0.376237624
31229-31212,730,0.219926691,0.683168317
31213-31101,724,0.24925025,0.158415842
31200-31228,723,0.110963012,0.03960396
31201-31104,723,0.000666445,0.910891089
31203-31214,720,0.779740087,0.00990099
31214-31202,719,0.52215928,0.326732673
31222-31228,719,0.007997334,0.00990099
31200-31222,718,0.000333222,0.653465347
31214-31203,718,0.937020993,0.01980198
31110-31237,716,0.585804732,0.881188119
31221-31237,714,0.335554815,0.02970297
31208-31608,711,0.534488504,0.435643564
31014-31225,710,0.664445185,0.217821782
31111-31102,710,0.380206598,0.306930693
31624-31620,709,0.269243585,0.03960396
31600-31227,704,0.035988004,0.326732673
31010-31009,703,0.797400866,0.435643564
31208-31605,703,0.303232256,0.633663366
31229-31203,702,0.212595801,0.564356436
31203-31229,701,0.052982339,0.00990099
31228-31200,701,0.925691436,0.207920792
31624-31228,700,0.375541486,0.900990099
31237-31213,699,0.378873709,0.306930693
31101-31224,697,0.706097967,0.00990099
31110-31110,697,0.842052649,0.267326733
31104-31102,696,0.458180606,0.02970297
31101-31212,695,0.074975008,0.03960396
31603-31611,695,0.875374875,0.643564356
31102-31104,694,0.210596468,0.633663366
31228-31623,693,0.005998001,0.00990099
31200-31109,692,0.018327224,0.247524752
31600-31603,692,0.355881373,0.128712871
31623-31604,692,0.622792403,0.138613861
31608-31613,690,0.044985005,0.01980198
31616-31613,689,0.491836055,0.128712871
31104-31221,688,0.739420193,0.069306931
31221-31110,688,0.000999667,0.069306931
31200-31217,687,0.718760413,0.02970297
31221-31203,687,0.968677108,0.00990099
31303-31300,687,0.403532156,0.01980198
31603-31600,687,0.005998001,0.04950495
31001-31004,683,0.001666111,0.138613861
31220-31200,683,0.150949683,0.108910891
31200-31602,682,0.116627791,0.148514851
31200-31100,681,0.430189937,0.00990099
31223-31228,681,0.02799067,0.118811881
31201-31228,680,0.669776741,0.267326733
31606-31619,680,0.778407198,0.287128713
31233-31214,679,0.592802399,0.930693069
31205-31201,678,0.586804399,0.544554455
31205-31221,678,0.531822726,0.178217822
31105-31214,677,0.112295901,0.04950495
31009-31010,675,0.062312562,0.118811881
31226-31200,675,0.154948351,0.207920792
31230-31230,673,0.828390536,0.247524752
31618-31219,673,0.914361879,0.386138614
31101-31104,672,0.963345551,0.168316832
31218-31222,672,0.52215928,0.00990099
31106-31107,671,0.448183939,0.099009901
31203-31111,669,0.38353882,0.069306931
31101-31216,667,0.129290237,0.04950495
31218-31235,665,0.20793069,0.267326733
31226-31236,662,0.291236255,0.524752475
31010-31007,661,0.266577807,0.346534653
31200-31223,661,0.1976008,0.217821782
31227-31201,660,0.418193935,0.514851485
31227-31227,658,0.48083972,0.326732673
31609-31108,658,0.57814062,0.356435644
31610-31605,658,0.397867378,0.891089109
31624-31604,658,0.719093635,0.059405941
31213-31229,657,0.500499833,0.01980198
31212-31229,655,0.241252916,0.217821782
31201-31600,654,0.001999334,0.00990099
31503-31200,654,0.375541486,0.831683168
31011-31010,652,0.846717761,0.633663366
31305-31106,651,0.636787737,0.366336634
31106-31101,650,0.077640786,0.03960396
31222-31217,648,0.074975008,0.00990099
31230-31600,648,0.976674442,0.059405941
31232-31623,645,0.394535155,0.108910891
31103-31602,643,0.998333889,0.089108911
31232-31600,643,0.222259247,0.03960396
31616-31605,642,0.247917361,0.01980198
31603-31503,641,0.142285905,0.01980198
31624-31624,639,0.100633122,0.00990099
31216-31203,638,0.309563479,0.326732673
31221-31104,638,0.416527824,0.128712871
31221-31205,638,0.252582473,0.693069307
31237-31224,638,0.253248917,0.02970297
31619-31619,638,0.873375541,0.00990099
31216-31228,637,0.5014995,0.316831683
31608-31623,637,0.676774409,0.00990099
31102-31200,636,0.256914362,0.00990099
31229-31224,635,0.680773076,0.04950495
31229-31110,634,0.905364878,0.02970297
31101-31229,633,0.62979007,0.059405941
31620-31624,633,0.881372876,0.198019802
31305-31300,631,0.340886371,0.594059406
31106-31215,630,0.4041986,0.00990099
31610-31622,629,0.930356548,0.326732673
31227-31600,627,0.012995668,0.00990099
31624-31232,627,0.715428191,0.336633663
31201-31103,626,0.324891703,0.465346535
31003-31003,625,0.000666445,0.534653465
31218-31609,625,0.07964012,0.564356436
31503-31228,623,0.073642119,0.435643564
31613-31616,623,0.029323559,0.01980198
31107-31214,620,0.152615795,0.01980198
31200-31219,620,0.014661779,0.01980198
31609-31609,620,0.546151283,0.425742574
31212-31215,619,0.260246584,0.059405941
31200-31503,618,0.160279907,0.069306931
31202-31203,618,0.122292569,0.00990099
31224-31201,616,0.020993002,0.089108911
31102-31101,615,0.672109297,0.346534653
31203-31105,615,0.397200933,0.00990099
31600-31624,614,0.053315561,0.158415842
31622-31610,614,0.004665112,0.089108911
31100-31237,612,0.687104299,0.079207921
31200-31600,612,0.105964678,0.742574257
31619-31611,612,0.928023992,0.207920792
31110-31111,609,0.008663779,0.207920792
31214-31222,609,0.876707764,0.00990099
31603-31603,609,0.480506498,0.158415842
31602-31106,608,0.000333222,0.168316832
31202-31111,607,0.314895035,0.128712871
31102-31106,606,0.541486171,0.940594059
31105-31110,606,0.159613462,0.792079208
31229-31101,606,0.109963346,0.00990099
31101-31101,604,0.167277574,0.930693069
31104-31213,604,0.889036988,0.336633663
31203-31212,604,0.480173276,0.95049505
31221-31225,604,0.519493502,0.514851485
31225-31215,604,0.003332223,0.97029703
31109-31228,602,0.329556814,0.257425743
31111-31101,602,0.372542486,0.128712871
31236-31225,601,0.073308897,0.237623762
31606-31605,601,0.146951016,0.00990099
31235-31222,599,0.171609464,0.237623762
31238-31201,599,0.233255581,0.425742574
31104-31305,597,0.769076974,0.118811881
31237-31204,596,0.65344885,0.03960396
31623-31232,596,0.008997001,0.594059406
31110-31220,595,0.795734755,0.356435644
31623-31607,594,0.119626791,0.079207921
31228-31214,593,0.135954682,0.04950495
31111-31202,592,0.539153615,0.03960396
31205-31220,592,0.181272909,0.00990099
31223-31200,589,0.468510497,0.00990099
31600-31230,588,0.038987004,0.00990099
31201-31222,587,0.852382539,0.198019802
31221-31101,585,0.658780407,0.475247525
31620-31620,584,0.339553482,0.079207921
31104-31212,583,0.800733089,0.277227723
31228-31238,583,0.000333222,0.415841584
31110-31224,582,0.92335888,0.03960396
31101-31228,581,0.707764079,0.415841584
31624-31230,580,0.134955015,0.445544554
31223-31503,578,0.432522493,0.00990099
31618-31610,578,0.000999667,0.079207921
31101-31602,577,0.087970676,0.00990099
31624-31203,577,0.91002999,0.00990099
31214-31224,576,0.306897701,0.148514851
31237-31201,576,0.669110297,0.089108911
31606-31610,575,0.085638121,0.465346535
31214-31228,573,0.003332223,0.00990099
31109-31227,572,0.280573142,0.396039604
31213-31204,572,0.169276908,0.148514851
31620-31108,572,0.959013662,0.00990099
31100-31221,571,0.929356881,0.138613861
31200-31221,570,0.166944352,0.01980198
31237-31221,570,0.437187604,0.00990099
31227-31200,569,0.404531823,0.02970297
31107-31201,568,0.000333222,0.00990099
31600-31503,568,0.588803732,0.00990099
31600-31600,568,0.015661446,0.514851485
31603-31505,568,0.942352549,0.079207921
31010-31011,566,0.183272243,0.00990099
31106-31305,566,0.477174275,0.089108911
31202-31216,564,0.82005998,0.415841584
31229-31229,564,0.82739087,0.346534653
31235-31218,564,0.000333222,0.00990099
31204-31237,563,0.730423192,0.099009901
31222-31214,563,0.144951683,0.138613861
31618-31618,563,0.462512496,0.178217822
31105-31111,562,0.464845052,0.079207921
31201-31216,562,0.279240253,0.336633663
31228-31222,561,0.619126958,0.00990099
31238-31228,561,0.000666445,0.356435644
31602-31201,561,0.553815395,0.782178218
31605-31616,561,0.144285238,0.00990099
31624-31603,560,0.037320893,0.00990099
31200-31235,559,0.780739753,0.138613861
31230-31201,559,0.566811063,0.03960396
31503-31202,559,0.003665445,0.336633663
31236-31237,557,0.411196268,0.287128713
31201-31205,555,0.837387537,0.01980198
31213-31213,555,0.702765745,0.118811881
31216-31216,555,0.961346218,0.465346535
31107-31101,554,0.122292569,0.00990099
31225-31014,552,0.000333222,0.277227723
31302-31200,552,0.244918361,0.148514851
31613-31217,552,0.154281906,0.475247525
31213-31203,551,0.086637787,0.712871287
31213-31237,551,0.814395202,0.732673267
31110-31100,550,0.458513829,0.069306931
31010-31010,548,0.77140953,0.02970297
31102-31107,548,0.960013329,0.01980198
31237-31215,548,0.1976008,0.03960396
31600-31201,548,0.671442852,0.059405941
31605-31605,548,0.248250583,0.099009901
31101-31205,547,0.916694435,0.069306931
31220-31220,547,0.222592469,0.891089109
31106-31110,546,0.691436188,0.01980198
31106-31602,546,0.465178274,0.099009901
31204-31224,546,0.813062313,0.069306931
31225-31201,546,0.823725425,0.415841584
31610-31607,546,0.01032989,0.00990099
31201-31100,545,0.46317894,0.01980198
31213-31110,545,0.800733089,0.01980198
31109-31205,544,0.518493835,0.188118812
31218-31228,543,0.524158614,0.316831683
31605-31607,543,0.831056315,0.435643564
31101-31111,542,0.497500833,0.178217822
31201-31219,541,0.736754415,0.01980198
31217-31620,541,0.705764745,0.643564356
31602-31103,541,0.056981006,0.059405941
31201-31227,538,0.850383206,0.821782178
31203-31205,538,0.016327891,0.00990099
31600-31100,538,0.255581473,0.04950495
31600-31200,538,0.046317894,0.079207921
31228-31109,537,0.57380873,0.02970297
31611-31619,537,0.355214928,0.188118812
31201-31105,536,0.001332889,0.00990099
31305-31200,536,0.011662779,0.00990099
31225-31110,535,0.565811396,0.118811881
31610-31606,533,0.122292569,0.485148515
31602-31111,532,0.549150283,0.01980198
31604-31604,532,0.841719427,0.00990099
31607-31623,532,0.005998001,0.594059406
31205-31215,531,0.514828391,0.02970297
31203-31202,530,0.178273909,0.02970297
31205-31228,530,0.071642786,0.158415842
31229-31237,530,0.093302233,0.108910891
31222-31200,529,0.244251916,0.841584158
31104-31224,528,0.287237587,0.425742574
31238-31203,528,0.849383539,0.732673267
31103-31213,527,0.191602799,0.099009901
31212-31101,527,0.391536155,0.316831683
31109-31201,526,0.302232589,0.01980198
31238-31200,526,0.948017328,0.831683168
31600-31616,526,0.405198267,0.118811881
31106-31205,524,0.724425192,0.227722772
31103-31105,523,0.254248584,0.03960396
31213-31200,522,0.369210263,0.475247525
31217-31200,521,0.978340553,0.702970297
31111-31503,519,0.748750417,0.663366337
31201-31237,519,0.77874042,0.00990099
31014-31014,517,0.247917361,0.00990099
31104-31111,517,0.084638454,0.831683168
31205-31203,517,0.629123625,0.00990099
31217-31600,517,0.991669444,0.554455446
31220-31205,517,0.930356548,0.138613861
31600-31232,517,0.384205265,0.257425743
31618-31217,517,0.659780073,0.00990099
31100-31227,516,0.176274575,0.079207921
31228-31227,516,0.489836721,0.366336634
31401-31104,516,0.86437854,0.821782178
31100-31214,513,0.090303232,0.108910891
31228-31503,513,0.922692436,0.188118812
31110-31202,512,0.027324225,0.01980198
31222-31235,512,0.734088637,0.01980198
31111-31110,511,0.153282239,0.217821782
31212-31204,511,0.033655448,0.861386139
31300-31106,511,0.485171609,0.00990099
31600-31623,511,0.635454848,0.198019802
31606-31608,511,0.000333222,0.386138614
31102-31201,509,0.557147617,0.405940594
31216-31201,509,0.94101966,0.148514851
31228-31216,509,0.092635788,0.287128713
31623-31219,509,0.014661779,0.564356436
31232-31230,507,0.000333222,0.059405941
31235-31200,507,0.011996001,0.356435644
31201-31604,506,0.000666445,0.01980198
31219-31201,505,0.026991003,0.00990099
31503-31624,504,0.003332223,0.237623762
31300-31104,503,0.098300566,0.069306931
31202-31238,502,0.098633789,0.108910891
31219-31222,502,0.636121293,0.02970297
31606-31208,500,0.664778407,0.128712871
31613-31108,500,0.998667111,0.237623762
31616-31610,500,0.232255915,0.118811881
31014-31236,499,0.780739753,0.01980198
31200-31213,499,0.106964345,0.069306931
31227-31203,499,0.783072309,0.00990099
31104-31112,498,0.3982006,0.396039604
31200-31226,497,0.341219593,0.00990099
31611-31603,497,0.406531156,0.663366337
31214-31219,496,0.872375875,0.099009901
31214-31233,496,0.094968344,0.643564356
31221-31100,496,0.95134955,0.336633663
31215-31205,495,0.000333222,0.287128713
31223-31214,495,0.702765745,0.168316832
31230-31214,495,0.033655448,0.069306931
31600-31217,495,0.874708431,0.198019802
31001-31008,494,0.074641786,0.01980198
31107-31111,494,0.811729424,0.00990099
31232-31201,494,0.176607797,0.069306931
31205-31206,493,0.351882706,0.00990099
31219-31200,493,0.669110297,0.465346535
31105-31202,492,0.114295235,0.277227723
31212-31203,492,0.543485505,0.504950495
31221-31200,492,0.728423859,0.03960396
31223-31600,492,0.856381206,0.346534653
31600-31203,491,0.114295235,0.514851485
31104-31225,490,0.005664778,0.188118812
31110-31105,490,0.901032989,0.069306931
31230-31624,490,0.004331889,0.237623762
31202-31202,489,0.052315895,0.00990099
31201-31213,488,0.597134289,0.148514851
31228-31230,488,0.290903032,0.277227723
31607-31610,488,0.413195601,0.148514851
31004-31001,487,0.33922026,0.00990099
31237-31236,487,0.075641453,0.356435644
31201-31238,486,0.279240253,0.059405941
31222-31219,486,0.439853382,0.02970297
31229-31109,486,0.857047651,0.04950495
31208-31218,485,0.083972009,0.069306931
31232-31200,485,0.031656115,0.841584158
31225-31212,484,0.209930023,0.168316832
31228-31217,483,0.007664112,0.01980198
31104-31203,481,0.093635455,0.00990099
31224-31225,481,0.573142286,0.00990099
31301-31300,481,0.036321226,0.01980198
31505-31603,481,0.268577141,0.366336634
31604-31600,481,0.942352549,0.227722772
31219-31228,480,0.863712096,0.00990099
31228-31101,480,0.230923026,0.00990099
31236-31014,480,0.019326891,0.069306931
31610-31610,480,0.684105298,0.237623762
31203-31503,479,0.009330223,0.00990099
31237-31214,479,0.07230923,0.00990099
31107-31107,478,0.351882706,0.00990099
31111-31107,478,0.419860047,0.069306931
31203-31219,478,0.713095635,0.069306931
31230-31200,478,0.447850716,0.574257426
31237-31101,478,0.725758081,0.099009901
31618-31620,478,0.000333222,0.01980198
31109-31214,477,0.644451849,0.138613861
31108-31620,476,0.099633456,0.346534653
31619-31606,476,0.004665112,0.455445545
31622-31605,476,0.61646118,0.00990099
31204-31212,475,0.518827058,0.108910891
31503-31111,474,0.609463512,0.00990099
31228-31111,473,0.203265578,0.01980198
31214-31100,472,0.530489837,0.03960396
31224-31237,472,0.139620127,0.128712871
31604-31201,472,0.147950683,0.00990099
31214-31237,470,0.661446185,0.920792079
31602-31203,469,0.621126291,0.118811881
31223-31229,468,0.014661779,0.01980198
31229-31228,468,0.718427191,0.455445545
31620-31217,468,0.363212263,0.02970297
31224-31204,467,0.575474842,0.00990099
31503-31603,467,0.000999667,0.524752475
31102-31400,466,0.076974342,0.910891089
31105-31213,466,0.107297567,0.059405941
31301-31200,466,0.869376874,0.544554455
31602-31229,466,0.314561813,0.00990099
31100-31228,465,0.002332556,0.059405941
31229-31223,464,0.175274908,0.01980198
31202-31205,463,0.888703765,0.247524752
31213-31600,463,0.256914362,0.752475248
31214-31230,463,0.770743086,0.455445545
31237-31229,462,0.579473509,0.514851485
31600-31223,462,0.136954349,0.267326733
31610-31208,462,0.293902033,0.415841584
31610-31616,462,0.018327224,0.534653465
31212-31220,461,0.22125958,0.00990099
31400-31104,461,0.803398867,0.514851485
31602-31105,460,0.000333222,0.00990099
31623-31200,460,0.39086971,0.267326733
31224-31229,458,0.998667111,0.514851485
31228-31202,458,0.014328557,0.00990099
31009-31002,457,0.84805065,0.01980198
31202-31110,456,0.519493502,0.089108911
31214-31109,456,0.367544152,0.059405941
31221-31221,456,0.960013329,0.178217822
31609-31218,456,0.997334222,0.287128713
31214-31103,455,0.48383872,0.04950495
31006-31006,454,0.093635455,0.425742574
31227-31624,454,0.530489837,0.188118812
31608-31606,454,0.000333222,0.059405941
31205-31213,453,0.029990003,0.00990099
31205-31620,453,0.078307231,0.356435644
31217-31228,453,0.271909364,0.455445545
31607-31605,453,0.823725425,0.108910891
31203-31600,452,0.378540487,0.00990099
31204-31213,452,0.165611463,0.108910891
31107-31102,451,0.05598134,0.881188119
31203-31222,451,0.266244585,0.316831683
31228-31205,451,0.803732089,0.02970297
31232-31108,451,0.088303899,0.485148515
31305-31302,451,0.35988004,0.059405941
31213-31205,450,0.364545152,0.00990099
31217-31618,450,0.002665778,0.01980198
31224-31110,450,0.374208597,0.188118812
31238-31232,450,0.065644785,0.168316832
31202-31503,449,0.049650117,0.02970297
31214-31238,449,0.824391869,0.00990099
31223-31227,449,0.982005998,0.00990099
31203-31620,448,0.509830057,0.118811881
31206-31205,448,0.120626458,0.297029703
31214-31215,448,0.487170943,0.02970297
31103-31102,447,0.721092969,0.336633663
31503-31223,447,0.328223925,0.118811881
31619-31620,447,0.00733089,0.910891089
31102-31203,446,0.213262246,0.277227723
31111-31228,446,0.2979007,0.445544554
31230-31232,446,0.180606465,0.03960396
31100-31100,445,0.776741086,0.00990099
31102-31228,445,0.707764079,0.762376238
31201-31225,445,0.59446851,0.742574257
31610-31618,445,0.904365212,0.108910891
31105-31216,444,0.957680773,0.544554455
31106-31300,444,0.664778407,0.158415842
31110-31106,444,0.807397534,0.178217822
31110-31215,444,0.214928357,0.118811881
31200-31102,444,0.225924692,0.257425743
31205-31600,444,0.003998667,0.534653465
31233-31201,444,0.389203599,0.02970297
31620-31619,444,0.25958014,0.00990099
31101-31222,443,0.308897034,0.603960396
31203-31213,443,0.400533156,0.168316832
31204-31217,443,0.159613462,0.306930693
31229-31202,443,0.278573809,0.772277228
31610-31611,443,0.969676774,0.257425743
31109-31503,442,0.690436521,0.128712871
31219-31203,442,0.832389204,0.148514851
31228-31223,442,0.007997334,0.00990099
31400-31200,442,0.252582473,0.554455446
31213-31228,441,0.623125625,0.01980198
31214-31225,441,0.055314895,0.069306931
31219-31623,441,0.013995335,0.00990099
31101-31237,440,0.25958014,0.118811881
31105-31229,440,0.949683439,0.386138614
31218-31232,440,0.199933356,0.00990099
31222-31203,440,0.115294902,0.00990099
31110-31228,439,0.000333222,0.02970297
31200-31227,439,0.763745418,0.871287129
31201-31230,439,0.007997334,0.089108911
31503-31109,439,0.484505165,0.079207921
31203-31104,438,0.400533156,0.831683168
31217-31222,438,0.485171609,0.00990099
31223-31221,438,0.302565811,0.792079208
31205-31222,436,0.882705765,0.504950495
31105-31212,434,0.363545485,0.554455446
31202-31221,434,0.586137954,0.01980198
31214-31105,434,0.896367877,0.376237624
31217-31609,434,0.508497168,0.138613861
31203-31238,433,0.922692436,0.01980198
31223-31111,433,0.036654449,0.237623762
31604-31203,433,0.444185272,0.01980198
31107-31229,431,0.077640786,0.138613861
31111-31104,431,0.43952016,0.01980198
31205-31104,431,0.899366878,0.693069307
31228-31219,431,0.021659447,0.613861386
31229-31222,431,0.284571809,0.108910891
31105-31205,430,0.852715761,0.01980198
31230-31228,430,0.000999667,0.00990099
31619-31208,430,0.264911696,0.00990099
31105-31107,428,0.082972343,0.00990099
31624-31613,428,0.332889037,0.099009901
31101-31238,427,0.112295901,0.168316832
31108-31613,427,0.018993669,0.00990099
31208-31610,427,0.15928024,0.01980198
31217-31215,426,0.50883039,0.762376238
31401-31101,426,0.297234255,0.316831683
31606-31623,426,0.118627124,0.00990099
31400-31401,424,0.710429857,0.841584158
31401-31107,424,0.018327224,0.089108911
31104-31401,423,0.863045651,0.445544554
31222-31101,423,0.55014995,0.188118812
31232-31217,423,0.811396201,0.01980198
31602-31214,423,0.680439853,0.247524752
31101-31103,422,0.176274575,0.089108911
31220-31224,422,0.000666445,0.01980198
31227-31214,422,0.000666445,0.207920792
31218-31620,421,0.127957348,0.02970297
31107-31221,420,0.297567478,0.079207921
31226-31225,420,0.141952682,0.237623762
31227-31217,420,0.024325225,0.168316832
31232-31624,420,0.156947684,0.297029703
31611-31610,420,0.420526491,0.00990099
31624-31218,420,0.119293569,0.564356436
31010-31002,418,0.751082972,0.306930693
31105-31602,418,0.062312562,0.653465347
31228-31218,418,0.153282239,0.079207921
31624-31217,418,0.522492502,0.544554455
31217-31232,417,0.678107298,0.00990099
31224-31101,417,0.859046984,0.069306931
31300-31200,416,0.002332556,0.03960396
31602-31602,416,0.001999334,0.227722772
31104-31400,415,0.260913029,0.306930693
31201-31602,415,0.054315228,0.138613861
31603-31624,415,0.000333222,0.415841584
31104-31237,414,0.804731756,0.00990099
31224-31203,414,0.754748417,0.108910891
31202-31223,413,0.465511496,0.326732673
31236-31226,413,0.927024325,0.01980198
31213-31212,412,0.116294568,0.089108911
31215-31217,412,0.008663779,0.356435644
31203-31237,411,0.776074642,0.089108911
31218-31624,411,0.904031989,0.663366337
31503-31620,411,0.000333222,0.02970297
31604-31228,411,0.672442519,0.920792079
31623-31600,411,0.636787737,0.217821782
31222-31623,410,0.056314562,0.237623762
31504-31603,410,0.52649117,0.04950495
31203-31227,409,0.966677774,0.03960396
31219-31215,409,0.840053316,0.01980198
31220-31219,409,0.380873042,0.079207921
31008-31001,408,0.521159613,0.178217822
31100-31110,408,0.894035322,0.128712871
31228-31229,408,0.861712762,0.574257426
31232-31238,408,0.086304565,0.04950495
31010-31012,407,0.056314562,0.336633663
31100-31600,407,0.000333222,0.306930693
31101-31106,407,0.801066311,0.633663366
31238-31217,407,0.029656781,0.336633663
31600-31604,407,0.463512163,0.702970297
31208-31606,406,0.375541486,0.871287129
31223-31202,406,0.984671776,0.148514851
31101-31109,405,0.130289903,0.00990099
31108-31623,405,0.000666445,0.04950495
31616-31616,405,0.245584805,0.108910891
31604-31227,403,0.96601133,0.01980198
31103-31221,402,0.660446518,0.01980198
31110-31109,402,0.601466178,0.00990099
31215-31237,402,0.067977341,0.485148515
31200-31230,401,0.001332889,0.01980198
31224-31205,401,0.515161613,0.148514851
31232-31218,401,0.000333222,0.089108911
31302-31302,401,0.322225925,0.059405941
31623-31608,401,0.022659114,0.00990099
31102-31110,400,0.314561813,0.00990099
31203-31201,400,0.839386871,0.01980198
31203-31602,400,0.728090636,0.504950495
31219-31214,400,0.196934355,0.04950495
31221-31202,400,0.878373875,0.118811881
31237-31100,400,0.003665445,0.00990099
31103-31212,399,0.663445518,0.059405941
31213-31223,399,0.012662446,0.297029703
31223-31624,399,0.25958014,0.772277228
31620-31203,399,0.650116628,0.396039604
31201-31203,398,0.395534822,0.267326733
31217-31201,398,0.496501166,0.198019802
31223-31109,398,0.06931023,0.069306931
31219-31618,397,0.197267577,0.623762376
31225-31214,397,0.391202932,0.752475248
31230-31203,397,0.52949017,0.01980198
31607-31607,397,0.99266911,0.02970297
31618-31235,397,0.010996335,0.059405941
31503-31600,396,0.84371876,0.227722772
31605-31622,396,0.520493169,0.00990099
31229-31233,395,0.996667777,0.01980198
31620-31618,395,0.713428857,0.01980198
31202-31229,394,0.150949683,0.02970297
31205-31224,394,0.26991003,0.405940594
31229-31225,394,0.000333222,0.584158416
31613-31610,394,0.916694435,0.00990099
31220-31217,393,0.225258247,0.01980198
31605-31108,393,0.804065312,0.03960396
31203-31624,392,0.007997334,0.465346535
31212-31104,392,0.203932023,0.00990099
31214-31223,392,0.734755082,0.405940594
31222-31232,392,0.025991336,0.00990099
31200-31623,391,0.164945018,0.01980198
31221-31111,391,0.357880706,0.00990099
31238-31101,391,0.257247584,0.455445545
31007-31001,390,0.048317228,0.158415842
31107-31212,390,0.13862046,0.03960396
31229-31100,390,0.543818727,0.00990099
31002-31002,389,0.416527824,0.02970297
31003-31001,389,0.867377541,0.00990099
31503-31216,389,0.001332889,0.04950495
31606-31622,389,0.387537488,0.00990099
31103-31111,388,0.323558814,0.00990099
31227-31205,388,0.289903366,0.00990099
31605-31618,388,0.890703099,0.00990099
31618-31605,388,0.781406198,0.168316832
31100-31225,387,0.143952016,0.079207921
31103-31100,387,0.628790403,0.03960396
31620-31503,387,0.986337887,0.00990099
31103-31205,386,0.782072642,0.01980198
31104-31229,386,0.723425525,0.00990099
31203-31109,386,0.900366544,0.059405941
31216-31202,386,0.28757081,0.01980198
31225-31224,386,0.720093302,0.01980198
31102-31229,385,0.000333222,0.108910891
31108-31605,385,0.1002999,0.01980198
31200-31238,385,0.62979007,0.178217822
31227-31101,385,0.760746418,0.00990099
31217-31238,384,0.205931356,0.00990099
31101-31225,383,0.302232589,0.811881188
31300-31300,383,0.199266911,0.138613861
31624-31223,383,0.245584805,0.495049505
31107-31105,382,0.945684772,0.900990099
31235-31215,382,0.047984005,0.00990099
31618-31208,382,0.03832056,0.02970297
31624-31108,382,0.01032989,0.099009901
31110-31103,381,0.784071976,0.247524752
31238-31214,381,0.070976341,0.891089109
31200-31304,380,0.104631789,0.00990099
31202-31228,380,0.001332889,0.01980198
31216-31101,380,0.805398201,0.00990099
31221-31212,380,0.928357214,0.198019802
31600-31213,380,0.514495168,0.811881188
31619-31218,380,0.340553149,0.01980198
31622-31611,380,0.981006331,0.01980198
31215-31214,379,0.155948017,0.217821782
31110-31204,378,0.337220926,0.217821782
31215-31225,378,0.22859047,0.00990099
31222-31205,378,0.155281573,0.00990099
31009-31009,377,0.295901366,0.079207921
31109-31101,377,0.728423859,0.00990099
31109-31229,377,0.110963012,0.297029703
31227-31100,377,0.862379207,0.00990099
31400-31102,377,0.653782073,0.118811881
31111-31111,376,0.325558147,0.02970297
31215-31106,376,0.138287238,0.257425743
31503-31201,376,0.56347884,0.267326733
31602-31221,376,0.691102966,0.782178218
31603-31504,376,0.857380873,0.178217822
31613-31624,376,0.962012662,0.00990099
31227-31604,375,0.117627458,0.00990099
31236-31215,375,0.103632123,0.00990099
31602-31207,375,0.052315895,0.00990099
31619-31219,375,0.397200933,0.148514851
31104-31228,374,0.824058647,0.02970297
31105-31221,374,0.534821726,0.306930693
31109-31202,374,0.388870377,0.00990099
31201-31102,374,0.793068977,0.03960396
31201-31107,374,0.893702099,0.01980198
31205-31219,374,0.553815395,0.138613861
31105-31401,373,0.080306564,0.00990099
31205-31623,373,0.626124625,0.089108911
31216-31600,373,0.46317894,0.00990099
31401-31106,373,0.936021326,0.00990099
31110-31602,372,0.518493835,0.01980198
31202-31212,372,0.790069977,0.108910891
31228-31204,372,0.011662779,0.00990099
31600-31222,372,0.024991669,0.02970297
31012-31010,371,0.662779074,0.207920792
31222-31229,371,0.645784738,0.732673267
31228-31237,371,0.537154282,0.811881188
31237-31203,371,0.301899367,0.00990099
31238-31202,371,0.651782739,0.00990099
31400-31107,371,0.132955681,0.405940594
31105-31102,370,0.098967011,0.227722772
31217-31108,370,0.627124292,0.00990099
31303-31303,370,0.461512829,0.148514851
31400-31228,370,0.032322559,0.00990099
31101-31227,369,0.995001666,0.138613861
31201-31232,369,0.64311896,0.069306931
31203-31225,369,0.770409863,0.01980198
31616-31600,369,0.306231256,0.00990099
31620-31205,369,0.109630123,0.00990099
31100-31203,368,0.742752416,0.00990099
31301-31301,368,0.013995335,0.00990099
31400-31101,368,0.08263912,0.891089109
31108-31624,367,0.000999667,0.02970297
31200-31302,367,0.144285238,0.02970297
31205-31217,367,0.35688104,0.03960396
31618-31607,367,0.043985338,0.861386139
31623-31108,367,0.228257248,0.01980198
31300-31303,366,0.800733089,0.089108911
31007-31007,365,0.930356548,0.178217822
31613-31219,365,0.571142952,0.168316832
31101-31102,364,0.220259913,0.841584158
31106-31214,364,0.04865045,0.138613861
31106-31229,364,0.515494835,0.00990099
31208-31609,364,0.91736088,0.811881188
31212-31221,364,0.538487171,0.059405941
31620-31604,364,0.101966011,0.346534653
31217-31613,362,0.103965345,0.722772277
31221-31215,362,0.319560147,0.01980198
31223-31223,362,0.717094302,0.00990099
31305-31110,362,0.766744419,0.148514851
31207-31228,361,0.145618127,0.702970297
31225-31236,361,0.922359214,0.00990099
31110-31233,360,0.000333222,0.03960396
31229-31105,360,0.657447517,0.198019802
31238-31620,360,0.358213929,0.118811881
31602-31402,360,0.03398867,0.02970297
31106-31102,359,0.651116295,0.326732673
31200-31604,359,0.228923692,0.277227723
31227-31223,359,0.002999,0.02970297
31233-31200,359,0.98667111,0.118811881
31616-31624,359,0.096967677,0.118811881
31624-31611,359,0.352882373,0.168316832
31220-31218,358,0.296901033,0.01980198
31228-31616,358,0.905031656,0.01980198
31503-31214,358,0.094635122,0.069306931
31610-31219,358,0.073975342,0.079207921
31102-31214,357,0.281906031,0.04950495
31204-31228,357,0.950683106,0.702970297
31229-31103,357,0.68877041,0.059405941
31233-31233,357,0.967677441,0.04950495
31624-31219,357,0.590136621,0.128712871
31110-31107,356,0.724425192,0.306930693
31111-31213,356,0.561812729,0.455445545
31600-31205,356,0.008330556,0.792079208
31603-31203,356,0.000666445,0.03960396
31111-31221,355,0.024991669,0.158415842
31205-31109,355,0.049983339,0.356435644
31217-31624,355,0.965678107,0.01980198
31221-31223,355,0.003998667,0.396039604
31602-31202,355,0.041986005,0.00990099
31202-31105,354,0.002999,0.396039604
31228-31604,354,0.774075308,0.188118812
31228-31611,354,0.793068977,0.871287129
31607-31620,354,0.002665778,0.059405941
31613-31218,354,0.251249583,0.801980198
31623-31100,354,0.237587471,0.01980198
31624-31227,354,0.137287571,0.524752475
31203-31604,353,0.000333222,0.336633663
31228-31110,353,0.938687104,0.108910891
31231-31217,353,0.863045651,0.03960396
31101-31107,352,0.583472176,0.00990099
31202-31109,352,0.063312229,0.00990099
31214-31602,352,0.363878707,0.059405941
31604-31200,352,0.157614129,0.306930693
31604-31620,352,0.122625791,0.01980198
31104-31100,351,0.421192936,0.297029703
31224-31228,351,0.042985671,0.00990099
31107-31401,350,0.302232589,0.04950495
31214-31503,350,0.906031323,0.277227723
31104-31300,349,0.252915695,0.00990099
31109-31110,349,0.27724092,0.01980198
31205-31101,349,0.001332889,0.108910891
31107-31100,348,0.884038654,0.118811881
31229-31104,348,0.894035322,0.584158416
31618-31606,348,0.987670776,0.01980198
31618-31616,348,0.566144618,0.435643564
31104-31215,347,0.697100966,0.138613861
31111-31223,347,0.876374542,0.00990099
31222-31600,347,0.02799067,0.415841584
31237-31222,347,0.023992003,0.059405941
31204-31233,346,0.552482506,0.287128713
31206-31200,346,0.25958014,0.356435644
31225-31104,346,0.850383206,0.326732673
31237-31219,346,0.70643119,0.336633663
31301-31302,346,0.970676441,0.267326733
31613-31601,346,0.388537154,0.227722772
31618-31601,346,0.063978674,1
31203-31100,345,0.109296901,0.108910891
31237-31228,345,0.799066978,0.891089109
31602-31110,344,0.115961346,0.861386139
31011-31003,343,0.000333222,0.198019802
31018-31015,343,0.575474842,0.01980198
31213-31206,343,0.000333222,0.03960396
31609-31208,343,0.516494502,0.841584158
31201-31217,342,0.21392869,0.099009901
31002-31009,341,0.573475508,0.821782178
31102-31103,341,0.14161946,0.326732673
31106-31201,341,0.248250583,0.00990099
31206-31213,341,0.005331556,0.435643564
31220-31212,341,0.28757081,0.02970297
31217-31204,340,0.083638787,0.04950495
31223-31224,340,0.042319227,0.415841584
31304-31106,340,0.33188937,0.306930693
31401-31201,340,0.096967677,0.01980198
31111-31105,339,0.852049317,0.643564356
31112-31112,339,0.912029324,0.01980198
31207-31223,339,0.000666445,0.534653465
31235-31228,339,0.624458514,0.03960396
31003-31011,338,0.189603466,0.376237624
31101-31503,338,0.928690437,0.683168317
31106-31401,338,0.093635455,0.148514851
31223-31101,338,0.349216928,0.227722772
31100-31229,337,0.754415195,0.396039604
31600-31611,337,0.987004332,0.02970297
31302-31106,336,0.891702766,0.02970297
31605-31218,336,0.161612796,0.396039604
31616-31228,336,0.030323226,0.138613861
31111-31602,335,0.008330556,0.118811881
31611-31611,335,0.586137954,0.138613861
31624-31200,335,0.139286904,0.386138614
31110-31222,334,0.11796068,0.03960396
31622-31622,334,0.024658447,0.415841584
31108-31232,333,0.136287904,0.693069307
31206-31206,333,0.762079307,0.089108911
31609-31217,333,0.017327557,0.613861386
31616-31218,333,0.032322559,0.425742574
31623-31235,333,0.085638121,0.633663366
31624-31616,332,0.379873376,0.207920792
31200-31014,331,0.528157281,0.069306931
31200-31232,331,0.351549484,0.00990099
31205-31238,331,0.298233922,0.03960396
31213-31235,331,0.771742752,0.326732673
31224-31104,331,0.003665445,0.03960396
31235-31623,331,0.900033322,0.138613861
31611-31622,331,0.262245918,0.792079208
31620-31613,331,0.726091303,0.00990099
31010-31003,330,0.334221926,0.524752475
31104-31202,330,0.000333222,0.00990099
31203-31224,330,0.516827724,0.00990099
31229-31602,330,0.232589137,0.00990099
31600-31109,330,0.937354215,0.03960396
31102-31102,329,0.571476175,0.00990099
31217-31230,329,0.002999,0.900990099
31218-31613,329,0.757414195,0.772277228
31623-31606,329,0.117294235,0.01980198
31103-31103,328,0.192935688,0.059405941
31214-31600,328,0.018327224,0.00990099
31237-31104,328,0.773075641,0.168316832
31103-31202,327,0.60913029,0.336633663
31202-31213,327,0.123625458,0.02970297
31217-31605,327,0.331556148,0.95049505
31221-31228,327,0.026324558,0.02970297
31232-31203,327,0.075974675,0.415841584
31503-31203,327,0.976674442,0.257425743
31103-31400,326,0.564811729,0.00990099
31221-31204,326,0.035988004,0.00990099
31232-31214,326,0.468177274,0.207920792
31402-31602,326,0.313562146,0.00990099
31503-31101,326,0.370876375,0.059405941
31503-31503,326,0.005998001,0.366336634
31606-31606,326,0.760079973,0.693069307
31201-31224,325,0.956014662,0.227722772
31400-31400,325,0.05598134,0.148514851
31619-31608,325,0.835721426,0.445544554
31100-31212,324,0.843052316,0.435643564
31213-31220,324,0.922025991,0.02970297
31233-31229,324,0.007664112,0.227722772
31228-31108,323,0.289570143,0.643564356
31620-31622,323,0.094301899,0.04950495
31201-31620,322,0.003665445,0.346534653
31203-31217,322,0.465511496,0.623762376
31227-31202,322,0.466177941,0.079207921
31229-31215,322,0.05598134,0.01980198
31620-31230,322,0.821392869,0.544554455
31224-31220,320,0.740086638,0.772277228
31228-31622,320,0.371542819,0.01980198
31604-31616,320,0.036987671,0.782178218
31202-31227,319,0.739753416,0.00990099
31206-31624,319,0.454515162,0.613861386
31213-31219,319,0.103965345,0.00990099
31213-31604,319,0.126957681,0.04950495
31227-31221,319,0.34221926,0.455445545
31231-31201,319,0.00733089,0.00990099
31238-31205,318,0.185938021,0.01980198
31112-31215,317,0.577807398,0.01980198
31225-31217,317,0.617460846,0.00990099
31229-31232,317,0.585138287,0.138613861
31604-31238,317,0.777074309,0.01980198
31015-31225,316,0.173608797,0.188118812
31225-31219,316,0.665778074,0.257425743
31225-31222,316,0.773408864,0.267326733
31603-31111,316,0.58113962,0.01980198
31607-31622,316,0.967010996,0.445544554
31624-31605,316,0.435188271,0.059405941
31213-31623,315,0.316227924,0.475247525
31225-31235,315,0.000333222,0.118811881
31400-31106,315,0.002332556,0.207920792
31620-31201,315,0.301899367,0.118811881
31624-31622,315,0.103965345,0.099009901
31102-31221,314,0.000333222,0.346534653
31204-31221,314,0.000333222,0.336633663
31208-31619,314,0.826057981,0.069306931
31227-31620,314,0.005664778,0.00990099
31237-31217,314,0.512162612,0.257425743
31100-31104,313,0.821392869,0.069306931
31207-31109,313,0.625124958,0.03960396
31219-31108,313,0.22425858,0.00990099
31222-31620,313,0.442852383,0.069306931
31232-31222,313,0.533822059,0.03960396
31605-31209,313,0.501832722,0.059405941
31620-31111,313,0.896034655,0.485148515
31103-31401,312,0.757414195,0.633663366
31105-31103,312,0.548817061,0.108910891
31110-31227,312,0.000333222,0.00990099
31200-31233,312,0.284571809,0.00990099
31302-31104,312,0.207597468,0.03960396
31623-31227,312,0.0973009,0.089108911
31014-31200,311,0.914361879,0.00990099
31217-31227,311,0.128623792,0.03960396
31223-31232,311,0.022992336,0.03960396
31232-31604,311,0.009663446,0.02970297
31503-31205,311,0.574475175,0.01980198
31622-31624,311,0.788403865,0.00990099
31801-31802,311,0.096301233,0.089108911
31003-31010,310,0.859046984,0.257425743
31106-31225,310,0.146951016,0.168316832
31222-31212,310,0.736087971,0.277227723
31618-31218,310,0.784071976,0.00990099
31101-31223,309,0.830056648,0.099009901
31205-31202,309,0.077640786,0.198019802
31216-31200,309,0.773742086,0.554455446
31602-31205,309,0.831056315,0.435643564
31219-31237,308,0.008997001,0.079207921
31604-31603,308,0.151282906,0.732673267
31620-31202,308,0.35688104,0.623762376
31624-31607,308,0.27724092,0.04950495
31605-31611,307,0.018993669,0.475247525
31101-31100,306,0.310896368,0.435643564
31105-31228,306,0.952682439,0.00990099
31107-31400,306,0.001666111,0.00990099
31109-31212,306,0.734421859,0.603960396
31203-31230,306,0.919026991,0.128712871
31618-31624,306,0.006997667,0.267326733
31227-31232,305,0.025658114,0.207920792
31238-31229,305,0.430523159,0.336633663
31001-31007,304,0.676107964,0.326732673
31213-31104,304,0.488503832,0.445544554
31611-31605,304,0.154948351,0.118811881
31622-31606,304,0.538487171,0.99009901
31109-31203,303,0.214595135,0.099009901
31221-31222,303,0.047650783,0.03960396
31231-31200,303,0.07964012,0.247524752
31232-31618,303,0.041652782,0.118811881
31601-31613,303,0.908363879,0.326732673
31620-31218,303,0.518160613,0.277227723
31217-31220,302,0.315894702,0.782178218
31100-31213,301,0.631789404,0.00990099
31203-31232,301,0.175274908,0.742574257
31212-31219,301,0.435854715,0.069306931
31219-31232,301,0.105964678,0.03960396
31223-31620,301,0.74041986,0.118811881
31229-31102,301,0.623458847,0.257425743
31623-31205,301,0.007997334,0.188118812
31213-31227,300,0.808397201,0.02970297
31214-31227,300,0.159613462,0.772277228
31222-31624,300,0.781406198,0.00990099
31225-31101,300,0.138953682,0.01980198
31602-31212,300,0.463512163,0.643564356
31624-31201,300,0.242252582,0.564356436
31011-31011,299,0.77440853,0.227722772
31203-31603,299,0.957347551,0.683168317
31225-31203,299,0.067977341,0.405940594
31100-31235,298,0.207597468,0.762376238
31109-31223,298,0.048983672,0.138613861
31201-31623,298,0.063312229,0.811881188
31220-31213,298,0.011662779,0.326732673
31222-31225,298,0.125624792,0.396039604
31401-31224,298,0.097967344,0.03960396
31605-31222,298,0.286904365,0.01980198
31619-31624,298,0.325558147,0.03960396
31011-31009,297,0.085638121,0.376237624
31101-31231,297,0.005998001,0.059405941
31105-31105,297,0.965678107,0.653465347
31204-31238,297,0.654115295,0.306930693
31219-31205,297,0.792735755,0.00990099
31002-31010,296,0.535154948,0.00990099
31015-31015,296,0.978673775,0.01980198
31205-31232,296,0.080306564,0.079207921
31212-31228,296,0.797067644,0.732673267
31215-31212,296,0.068643785,0.01980198
31228-31212,296,0.882705765,0.01980198
31228-31603,296,0.746084638,0.04950495
31400-31603,296,0.032989004,0.504950495
31601-31618,296,0.060313229,0.00990099
31606-31618,296,0.92769077,0.326732673
31623-31201,296,0.148617128,0.03960396
31102-31224,295,0.918027324,0.891089109
31201-31204,295,0.093302233,0.316831683
31605-31217,295,0.253915362,0.01980198
31200-31218,294,0.677107631,0.00990099
31230-31217,294,0.924691769,0.059405941
31303-31200,294,0.558813729,0.04950495
31219-31212,293,0.325558147,0.00990099
31232-31101,293,0.22425858,0.03960396
31214-31232,292,0.34955015,0.00990099
31217-31203,292,0.994668444,0.04950495
31624-31503,292,0.189270243,0.00990099
31005-31005,291,0.002999,0.168316832
31200-31216,291,0.000666445,0.00990099
31204-31225,291,0.000333222,0.00990099
31212-31100,291,0.079973342,0.02970297
31225-31221,291,0.324558481,0.00990099
31228-31235,291,0.000999667,0.00990099
31233-31205,291,0.08997001,0.217821782
31620-31603,291,0.157947351,0.079207921
31622-31616,291,0.979006998,0.96039604
31103-31203,290,0.116294568,0.841584158
31103-31228,290,0.289570143,0.00990099
31104-31204,290,0.045318227,0.03960396
31108-31209,290,0.048983672,0.02970297
31215-31219,290,0.016327891,0.920792079
31225-31229,290,0.501832722,0.108910891
31101-31600,289,0.315894702,0.00990099
31201-31106,289,0.685438187,0.01980198
31225-31015,289,0.719426858,0.00990099
31605-31219,289,0.286237921,0.00990099
31003-31009,288,0.823725425,0.02970297
31205-31604,288,0.167944019,0.02970297
31014-31205,287,0.493168944,0.04950495
31619-31616,287,0.762745751,0.03960396
31006-31008,286,0.132622459,0.00990099
31204-31230,286,0.034988337,0.277227723
31205-31235,286,0.937020993,0.00990099
31235-31232,286,0.120293236,0.099009901
31600-31214,286,0.112962346,0.00990099
31606-31607,286,0.000333222,0.069306931
31610-31613,286,0.019326891,0.02970297
31618-31222,286,0.302565811,0.247524752
31222-31604,285,0.269243585,0.277227723
31235-31205,285,0.001332889,0.00990099
31600-31216,285,0.96901033,0.148514851
31623-31233,285,0.834721759,0.247524752
31108-31217,284,0.682105965,0.554455446
31200-31231,284,0.002665778,0.405940594
31212-31109,284,0.000333222,0.504950495
31221-31600,284,0.001999334,0.00990099
31228-31102,284,0.754415195,0.148514851
31230-31623,284,0.924358547,0.108910891
31600-31101,284,0.051982672,0.207920792
31624-31619,284,0.368210596,0.01980198
31201-31215,283,0.355881373,0.059405941
31203-31235,283,0.001332889,0.415841584
31219-31238,283,0.864045318,0.297029703
31001-31001,282,0.002332556,0.03960396
31213-31222,282,0.927024325,0.02970297
31227-31109,282,0.704098634,0.742574257
31613-31620,282,0.058313895,0.237623762
31002-31003,281,0.010663112,0.435643564
31109-31600,281,0.001332889,0.415841584
31227-31219,281,0.46317894,0.297029703
31232-31219,281,0.987337554,0.683168317
31233-31228,281,0.761746085,0.059405941
31238-31104,281,0.255248251,0.01980198
31216-31217,280,0.002332556,0.01980198
31222-31100,280,0.575474842,0.03960396
31232-31223,280,0.000333222,0.623762376
31611-31228,280,0.008330556,0.02970297
31218-31231,279,0.026991003,0.00990099
31222-31237,279,0.144285238,0.00990099
31231-31235,279,0.075974675,0.00990099
31302-31225,279,0.715094968,0.01980198
31105-31227,278,0.002332556,0.00990099
31110-31102,278,0.21092969,0.237623762
31218-31205,278,0.410529823,0.198019802
31219-31220,278,0.984005332,0.00990099
31219-31620,278,0.491502832,0.00990099
31223-31212,278,0.29356881,0.00990099
31224-31224,278,0.249916694,0.03960396
31227-31110,278,0.681772742,0.04950495
31505-31623,278,0.064645118,0.02970297
31603-31228,278,0.023325558,0.00990099
31006-31004,277,0.351549484,0.237623762
31200-31206,277,0.014328557,0.02970297
31201-31624,277,0.70643119,0.04950495
31204-31110,277,0.000999667,0.04950495
31213-31202,277,0.934688437,0.217821782
31228-31220,277,0.761746085,0.00990099
31229-31107,277,0.386871043,0.00990099
31229-31216,277,0.728757081,0.227722772
31231-31218,277,0.061646118,0.435643564
31618-31232,277,0.126957681,0.00990099
31202-31104,276,0.908697101,0.00990099
31205-31227,276,0.744418527,0.188118812
31214-31102,276,0.130623126,0.03960396
31223-31230,276,0.019326891,0.01980198
31233-31204,276,0.420193269,0.396039604
31104-31223,275,0.67110963,0.277227723
31104-31238,275,0.657447517,0.158415842
31216-31219,275,0.018660447,0.01980198
31219-31225,275,0.182272576,0.00990099
31235-31618,275,0.814395202,0.04950495
31400-31201,275,0.000333222,0.495049505
31100-31101,274,0.701766078,0.287128713
31101-31232,274,0.895034988,0.910891089
31102-31105,274,0.949016994,0.089108911
31214-31235,274,0.137620793,0.148514851
31228-31104,274,0.904031989,0.069306931
31610-31218,274,0.738087304,0.04950495
31611-31624,274,0.833055648,0.188118812
31622-31618,274,0.025658114,0.03960396
31200-31305,273,0.04431856,0.316831683
31216-31623,273,0.305564812,0.00990099
31219-31613,273,0.580806398,0.00990099
31100-31238,272,0.234255248,0.01980198
31111-31207,272,0.601466178,0.99009901
31200-31620,272,0.630456514,0.148514851
31216-31232,272,0.605131623,0.02970297
31228-31221,272,0.513162279,0.02970297
31230-31205,272,0.145618127,0.376237624
31610-31217,272,0.699766744,0.138613861
31611-31600,272,0.014995002,0.504950495
31212-31213,271,0.948683772,0.079207921
31215-31235,271,0.24191936,0.742574257
31232-31205,271,0.288570477,0.485148515
31607-31618,271,0.167277574,0.297029703
31012-31003,270,0.236587804,0.079207921
31219-31624,270,0.486504499,0.564356436
31238-31221,270,0.823725425,0.01980198
31602-31213,270,0.287237587,0.247524752
31620-31228,270,0.699433522,0.118811881
31104-31109,269,0.749083639,0.227722772
31111-31620,269,0.651116295,0.534653465
31205-31218,269,0.167610796,0.00990099
31207-31602,269,0.579473509,0.00990099
31215-31110,269,0.391869377,0.316831683
31228-31213,269,0.856714429,0.148514851
31230-31604,269,0.015994668,0.178217822
31401-31400,269,0.1976008,0.00990099
31624-31222,269,0.500833056,0.04950495
31202-31217,268,0.129623459,0.425742574
31207-31101,268,0.676107964,0.108910891
31223-31213,268,0.990336554,0.00990099
31238-31235,268,0.903365545,0.148514851
31602-31228,268,0.004331889,0.00990099
31607-31611,268,0.66377874,0.900990099
31206-31217,267,0.181939354,0.059405941
31214-31216,267,0.18293902,0.277227723
31214-31620,267,0.024325225,0.079207921
31216-31624,267,0.035654782,0.792079208
31217-31205,267,0.497500833,0.01980198
31225-31204,267,0.000666445,0.079207921
31238-31604,267,0.912695768,0.504950495
31620-31219,267,0.977007664,0.475247525
31111-31603,266,0.282239254,0.831683168
31220-31201,266,0.43218927,0.554455446
31229-31600,266,0.03832056,0.415841584
31401-31200,266,0.215594802,0.247524752
31604-31611,266,0.882372542,0.267326733
31623-31222,266,0.048983672,0.03960396
31001-31003,265,0.881372876,0.138613861
31014-31215,265,0.003332223,0.386138614
31221-31602,265,0.000666445,0.435643564
31400-31110,265,0.125291569,0.01980198
31620-31200,265,0.649450183,0.237623762
31201-31233,264,0.084971676,0.663366337
31219-31605,264,0.128957014,0.564356436
31228-31225,264,0.942685771,0.079207921
31230-31222,264,0.946684439,0.554455446
31400-31203,264,0.524491836,0.178217822
31600-31111,264,0.015994668,0.435643564
31200-31624,263,0.353548817,0.00990099
31215-31201,263,0.242252582,0.336633663
31233-31110,263,0.118627124,0.02970297
31400-31103,263,0.176274575,0.03960396
31600-31202,263,0.069976674,0.267326733
31600-31219,263,0.509163612,0.693069307
31616-31618,263,0.032655781,0.079207921
31008-31008,262,0.814728424,0.178217822
31102-31212,262,0.147284239,0.544554455
31106-31212,262,0.542152616,0.366336634
31221-31107,262,0.753415528,0.425742574
31301-31104,262,0.591136288,0.00990099
31305-31305,262,0.3008997,0.415841584
31604-31205,262,0.000333222,0.118811881
31623-31230,262,0.013662113,0.02970297
31103-31224,261,0.932022659,0.306930693
31109-31232,261,0.050983006,0.227722772
31110-31620,261,0.931689437,0.01980198
31212-31222,261,0.504165278,0.02970297
31216-31604,261,0.963678774,0.485148515
31227-31616,261,0.882705765,0.079207921
31611-31618,261,0.089636788,0.613861386
31111-31232,260,0.587804065,0.95049505
31213-31225,260,0.426524492,0.544554455
31220-31110,260,0.001999334,0.227722772
31303-31305,260,0.125291569,0.534653465
31623-31601,260,0.503498834,0.02970297
31111-31600,259,0.5988004,0.633663366
31202-31623,259,0.900699767,0.02970297
31203-31102,259,0.376874375,0.247524752
31212-31600,259,0.00733089,0.514851485
31220-31225,259,0.533155615,0.00990099
31238-31237,259,0.427190936,0.118811881
31018-31018,258,0.257580806,0.02970297
31212-31217,258,0.947684105,0.00990099
31214-31231,258,0.163278907,0.178217822
31222-31221,258,0.509830057,0.079207921
31230-31202,258,0.271242919,0.01980198
31601-31623,258,0.657447517,0.03960396
31604-31223,258,0.727757414,0.079207921
31618-31622,258,0.060979673,0.594059406
31619-31220,258,0.008997001,0.405940594
31102-31202,257,0.455848051,0.089108911
31111-31212,257,0.105298234,0.059405941
31220-31238,257,0.050316561,0.059405941
31224-31223,257,0.017327557,0.465346535
31226-31014,257,0.003665445,0.356435644
31231-31232,257,0.701766078,0.603960396
31232-31109,257,0.043652116,0.257425743
31233-31624,257,0.000333222,0.079207921
31611-31607,257,0.156947684,0.742574257
31623-31202,257,0.441852716,0.297029703
31103-31215,256,0.392535821,0.316831683
31203-31215,256,0.001666111,0.118811881
31217-31225,256,0.160279907,0.059405941
31218-31605,256,0.839386871,0.02970297
31236-31205,256,0.194268577,0.326732673
31101-31230,255,0.422525825,0.089108911
31214-31220,255,0.971009663,0.356435644
31230-31237,255,0.317894035,0.267326733
31235-31203,255,0.906697767,0.158415842
31303-31104,255,0.993002333,0.01980198
31616-31622,255,0.071976008,0.673267327
31006-31007,254,0.111629457,0.148514851
31105-31400,254,0.66811063,0.158415842
31204-31201,254,0.411862712,0.455445545
31214-31107,254,0.188937021,0.316831683
31220-31221,254,0.000333222,0.445544554
31610-31620,254,0.525491503,1
31618-31604,254,0.097967344,0.00990099
31100-31219,253,0.873042319,0.099009901
31103-31217,253,0.054648451,0.118811881
31204-31214,253,0.999666778,0.366336634
31204-31219,253,0.046984339,0.03960396
31215-31213,253,0.255581473,0.386138614
31224-31215,253,0.744085305,0.663366337
31225-31226,253,0.259913362,0.663366337
31227-31623,253,0.677107631,0.693069307
31230-31229,253,0.703765412,0.534653465
31235-31238,253,0.49116961,0.089108911
31605-31624,253,0.020326558,0.475247525
31619-31217,253,0.700433189,0.03960396
31203-31103,252,0.086637787,0.227722772
31205-31216,252,0.967677441,0.584158416
31219-31600,252,0.125624792,0.059405941
31237-31226,252,0.226924359,0.287128713
31620-31605,252,0.381872709,0.712871287
31107-31203,251,0.409196934,0.465346535
31217-31237,251,0.265911363,0.108910891
31221-31235,251,0.024991669,0.148514851
31228-31618,251,0.180273242,0.099009901
31231-31101,251,0.000333222,0.277227723
31503-31212,251,0.615461513,0.00990099
31503-31611,251,0.332222592,0.108910891
31620-31616,251,0.855048317,0.099009901
31100-31222,250,0.538487171,0.148514851
31101-31207,250,0.811062979,0.01980198
31205-31233,250,0.479506831,0.227722772
31216-31620,250,0.220926358,0.04950495
31238-31108,250,0.346884372,0.910891089
31104-31220,249,0.276574475,0.00990099
31104-31227,249,0.015994668,0.00990099
31228-31100,249,0.725091636,0.386138614
31401-31103,249,0.467177607,0.00990099
31105-31204,248,0.005331556,0.138613861
31106-31112,248,0.443185605,0.01980198
31111-31103,248,0.135288237,0.514851485
31220-31233,248,0.456847717,0.00990099
31003-31002,247,0.000333222,0.405940594
31110-31503,247,0.615461513,0.891089109
31202-31232,247,0.535821393,0.445544554
31205-31230,247,0.03832056,0.128712871
31218-31200,247,0.317227591,0.98019802
31600-31212,247,0.323892036,0.04950495
31616-31619,247,0.020326558,0.207920792
31014-31237,246,0.795401533,0.128712871
31202-31602,246,0.766411196,0.287128713
31218-31618,246,0.244251916,0.00990099
31221-31219,246,0.148283905,0.534653465
31230-31204,246,0.856714429,0.04950495
31233-31623,246,0.402532489,0.00990099
31305-31201,246,0.048983672,0.00990099
31604-31232,246,0.959346884,0.069306931
31620-31238,246,0.586137954,0.02970297
31235-31225,245,0.863045651,0.02970297
31607-31601,245,0.003665445,0.128712871
31107-31205,244,0.229923359,0.277227723
31214-31217,244,0.000999667,0.01980198
31215-31229,244,0.03398867,0.277227723
31230-31620,244,0.024991669,0.346534653
31503-31616,244,0.682772409,0.069306931
31605-31620,244,0.330223259,0.643564356
31608-31619,244,0.485504832,0.287128713
31802-31801,244,0.005331556,0.118811881
31009-31011,243,0.430856381,0.782178218
31101-31603,243,0.795734755,0.752475248
31206-31224,243,0.847384205,0.455445545
31224-31600,243,0.106964345,0.702970297
31232-31235,243,0.002332556,0.267326733
31238-31219,243,0.173275575,0.782178218
31613-31603,243,0.040653116,0.01980198
31100-31217,242,0.881706098,0.257425743
31102-31227,242,0.885371543,0.00990099
31108-31603,242,0.483172276,0.297029703
31111-31205,242,0.875374875,0.861386139
31112-31104,242,0.006664445,0.495049505
31208-31618,242,0.856047984,0.079207921
31232-31202,242,0.001332889,0.059405941
31236-31229,242,0.029323559,0.00990099
31602-31238,242,0.392202599,0.02970297
31620-31607,242,0.809063645,0.079207921
31008-31007,241,0.426524492,0.356435644
31100-31604,241,0.024991669,0.455445545
31108-31219,241,0.690769743,0.871287129
31110-31236,241,0.034321893,0.376237624
31112-31200,241,0.83038987,0.306930693
31232-31229,241,0.113295568,0.079207921
31232-31619,241,0.011996001,0.01980198
31235-31213,241,0.194268577,0.891089109
31503-31224,241,0.064978341,0.069306931
31600-31613,241,0.679440187,0.752475248
31619-31228,241,0.296234588,0.841584158
31624-31202,241,0.809396868,0.306930693
31106-31221,240,0.870709763,0.316831683
31108-31233,240,0.011329557,0.455445545
31222-31110,240,0.411862712,0.00990099
31226-31237,240,0.528490503,0.247524752
31606-31805,240,0.033655448,0.01980198
31100-31216,239,0.590803066,0.455445545
31105-31109,239,0.661446185,0.01980198
31201-31231,239,0.283572143,0.00990099
31217-31231,239,0.401866045,0.346534653
31218-31238,239,0.000333222,0.099009901
31219-31204,239,0.45718094,0.108910891
31225-31220,239,0.163612129,0.98019802
31236-31212,239,0.137954015,0.148514851
31623-31231,239,0.407864045,0.574257426
31624-31610,239,0.109963346,0.108910891
31016-31016,238,0.382205931,0.00990099
31107-31216,238,0.750083306,0.217821782
31204-31232,238,0.604131956,0.138613861
31220-31214,238,0.291902699,0.00990099
31223-31604,238,0.55314895,0.148514851
31227-31212,238,0.212262579,0.940594059
31238-31600,238,0.738420526,0.099009901
31604-31217,238,0.355548151,0.118811881
31604-31230,238,0.063645452,0.396039604
31616-31503,238,0.878040653,0.475247525
31622-31620,238,0.811729424,0.00990099
31003-31012,237,0.045318227,0.00990099
31102-31213,237,0.002332556,0.415841584
31205-31106,237,0.003665445,0.00990099
31225-31106,237,0.212595801,0.00990099
31503-31110,237,0.395534822,0.237623762
31604-31613,237,0.559480173,0.01980198
31100-31230,236,0.242919027,0.00990099
31201-31235,236,0.141952682,0.03960396
31202-31222,236,0.03832056,0.871287129
31212-31202,236,0.17694102,0.168316832
31221-31227,236,0.130956348,0.534653465
31238-31623,236,0.232589137,0.574257426
31617-31228,236,0.002332556,0.287128713
31100-31204,235,0.465844718,0.99009901
31104-31207,235,0.001666111,0.01980198
31104-31624,235,0.215261579,0.207920792
31105-31224,235,0.198600467,0.108910891
31106-31213,235,0.525158281,0.584158416
31221-31105,235,0.660113296,0.732673267
31229-31230,235,0.052649117,0.97029703
31235-31214,235,0.036321226,0.00990099
31238-31230,235,0.586471176,0.01980198
31209-31613,234,0.177607464,0.01980198
31215-31112,234,0.437187604,0.00990099
31231-31623,234,0.005331556,0.445544554
31400-31223,234,0.406531156,0.96039604
31623-31238,234,0.691102966,0.069306931
31624-31216,234,0.47350883,0.059405941
31222-31111,233,0.089636788,0.01980198
31224-31503,233,0.741419527,0.198019802
31225-31100,233,0.177274242,0.108910891
31231-31203,233,0.295901366,0.118811881
31622-31228,233,0.462845718,0.336633663
31104-31222,232,0.887037654,0.534653465
31105-31503,232,0.399866711,0.089108911
31108-31228,232,0.647784072,0.168316832
31110-31223,232,0.710763079,0.04950495
31229-31238,232,0.121292902,0.059405941
31604-31222,232,0.617127624,0.891089109
31107-31217,231,0.060979673,0.712871287
31109-31221,231,0.25224925,0.267326733
31205-31503,231,0.710763079,0.207920792
31207-31200,231,0.49116961,0.227722772
31216-31221,231,0.56347884,0.00990099
31217-31212,231,0.349883372,0.445544554
31220-31237,231,0.759746751,0.01980198
31400-31111,231,0.120626458,0.96039604
31008-31006,230,0.284571809,0.00990099
31106-31111,230,0.98967011,0.03960396
31110-31219,230,0.181606131,0.693069307
31204-31215,230,0.052982339,0.099009901
31219-31227,230,0.412862379,0.653465347
31220-31231,230,0.021992669,0.02970297
31226-31226,230,0.441186271,0.00990099
31227-31229,230,0.720426524,0.683168317
31230-31223,230,0.743085638,0.089108911
31303-31106,230,0.96167944,0.02970297
31304-31104,230,0.157280906,0.98019802
31005-31006,229,0.665778074,0.00990099
31103-31222,229,0.187937354,0.00990099
31200-31400,229,0.002665778,0.168316832
31204-31222,229,0.388537154,0.217821782
31214-31106,229,0.859380207,0.861386139
31611-31604,229,0.949016994,0.04950495
31618-31228,229,0.178940353,0.643564356
31622-31607,229,0.428857048,0.00990099
31101-31215,228,0.035988004,0.00990099
31208-31624,228,0.484171943,0.02970297
31610-31603,228,0.397867378,0.287128713
31001-31006,227,0.264578474,0.237623762
31107-31228,227,0.395534822,0.554455446
31111-31222,227,0.699766744,0.376237624
31205-31105,227,0.775074975,0.376237624
31222-31231,227,0.014328557,0.198019802
31227-31213,227,0.638453849,0.02970297
31235-31231,227,0.895701433,0.00990099
31616-31620,227,0.828390536,0.089108911
31108-31231,226,0.933022326,0.00990099
31233-31101,226,0.104631789,0.099009901
31238-31218,226,0.307564145,0.554455446
31009-31003,225,0.998000666,0.96039604
31224-31212,225,0.845718094,0.217821782
31233-31203,225,0.693435521,0.752475248
31233-31600,225,0.084305232,0.722772277
31237-31230,225,0.221592802,0.336633663
31503-31221,225,0.014661779,0.95049505
31605-31608,225,0.000333222,0.237623762
31620-31610,225,0.242585805,0.227722772
31624-31618,225,0.925691436,0.693069307
31111-31400,224,0.821726091,0.247524752
31202-31100,224,0.782405865,0.04950495
31207-31110,224,0.006664445,0.069306931
31213-31105,224,0.490503166,0.00990099
31220-31203,224,0.31856048,0.871287129
31223-31623,224,0.473842053,0.02970297
31230-31221,224,0.50883039,0.079207921
31110-31400,223,0.188937021,0.00990099
31205-31236,223,0.414528491,0.01980198
31212-31103,223,0.108963679,0.01980198
31216-31503,223,0.680773076,0.03960396
31238-31225,223,0.000666445,0.00990099
31503-31623,223,0.772742419,0.00990099
31608-31108,223,0.208263912,0.742574257
31623-31213,223,0.033322226,0.168316832
31100-31215,222,0.192602466,0.00990099
31205-31103,222,0.395201599,0.118811881
31221-31217,222,0.949683439,0.326732673
31229-31220,222,0.189936688,0.01980198
31303-31304,222,0.705764745,0.237623762
31617-31617,222,0.340219927,0.871287129
31620-31227,222,0.078640453,0.00990099
31007-31217,221,0.000333222,0.04950495
31100-31232,221,0.097634122,0.00990099
31103-31219,221,0.862712429,0.069306931
31107-31202,221,0.601132956,0.108910891
31110-31305,221,0.063312229,0.138613861
31219-31206,221,0.762412529,0.485148515
31225-31213,221,0.835054982,0.940594059
31232-31227,221,0.053648784,0.118811881
31007-31002,220,0.537154282,0.138613861
31108-31238,220,0.778073975,0.96039604
31200-31300,220,0.018327224,0.00990099
31224-31206,220,0.963678774,0.069306931
31228-31103,220,0.001332889,0.96039604
31238-31100,220,0.828390536,0.920792079
31618-31611,220,0.059313562,0.108910891
31623-31203,220,0.931689437,0.841584158
31101-31217,219,0.236254582,1
31106-31227,219,0.224591803,0.584158416
31219-31221,219,0.096634455,0.01980198
31623-31209,219,0.007664112,0.158415842
31101-31204,218,0.001999334,0.01980198
31107-31213,218,0.667444185,0.613861386
31206-31235,218,0.288570477,0.762376238
31209-31108,218,0.596467844,0.01980198
31212-31106,218,0.641119627,0.00990099
31212-31235,218,0.44985005,0.01980198
31213-31111,218,0.872375875,0.099009901
31215-31014,218,0.195601466,0.752475248
31219-31230,218,0.837387537,0.04950495
31222-31202,218,0.848383872,0.544554455
31223-31219,218,0.045318227,0.04950495
31502-31603,218,0.746084638,0.02970297
31616-31604,218,0.114295235,0.02970297
31619-31622,218,0.371876041,0.02970297
31008-31011,217,0.873708764,0.168316832
31016-31015,217,0.438187271,0.158415842
31100-31205,217,0.088303899,0.01980198
31213-31603,217,0.957680773,0.079207921
31219-31619,217,0.046317894,0.04950495
31232-31111,217,0.229590137,0.138613861
31600-31221,217,0.58413862,0.00990099
31600-31229,217,0.25958014,0.693069307
31603-31610,217,0.987337554,0.00990099
31205-31618,216,0.581472842,0.03960396
31206-31218,216,0.026324558,0.00990099
31206-31219,216,0.285904698,0.138613861
31216-31205,216,0.800399867,0.732673267
31221-31503,216,0.731422859,0.138613861
31602-31225,216,0.504831723,0.00990099
31620-31214,216,0.384538487,0.00990099
31104-31219,215,0.042985671,0.396039604
31208-31217,215,0.611129623,0.128712871
31216-31100,215,0.922692436,0.00990099
31222-31204,215,0.250249917,0.138613861
31401-31105,215,0.378873709,0.386138614
31604-31219,215,0.912362546,0.188118812
31607-31606,215,0.111629457,0.01980198
31611-31606,215,0.792735755,0.742574257
31623-31223,215,0.827057647,0.158415842
31205-31111,214,0.10763079,0.00990099
31230-31101,214,0.797400866,0.02970297
31235-31204,214,0.627124292,0.564356436
31622-31218,214,0.439853382,0.04950495
31107-31231,213,0.91002999,0.02970297
31201-31400,213,0.866377874,0.217821782
31203-31623,213,0.447850716,0.04950495
31223-31110,213,0.777740753,0.376237624
31226-31201,213,0.472509164,0.188118812
31108-31608,212,0.170943019,0.128712871
31111-31227,212,0.611796068,0.257425743
31212-31223,212,0.877707431,0.04950495
31229-31106,212,0.567144285,0.633663366
31604-31100,212,0.001332889,0.683168317
31610-31108,212,0.789403532,0.03960396
31200-31108,211,0.713762079,0.00990099
31213-31620,211,0.310896368,0.01980198
31219-31609,211,0.433855382,0.00990099
31220-31619,211,0.001999334,0.584158416
31221-31238,211,0.86571143,0.148514851
31222-31208,211,0.716427857,0.316831683
31222-31605,211,0.435188271,0.02970297
31233-31237,211,0.712762413,0.712871287
31602-31230,211,0.000999667,0.514851485
31624-31235,211,0.301232922,0.198019802
31000-31009,210,0.026991003,0.158415842
31202-31230,210,0.753415528,0.188118812
31213-31238,210,0.314561813,0.04950495
31216-31214,210,0.31422859,0.257425743
31225-31238,210,0.016661113,0.00990099
31227-31218,210,0.000333222,0.742574257
31232-31613,210,0.078640453,0.732673267
31236-31201,210,0.496167944,0.396039604
31237-31235,210,0.791402866,0.01980198
31603-31101,210,0.003998667,0.059405941
31603-31400,210,0.442185938,0.00990099
31607-31624,210,0.106297901,0.138613861
31617-31613,210,0.227924025,0.138613861
31624-31233,210,0.177274242,0.01980198
31007-31008,209,0.575474842,0.178217822
31106-31303,209,0.791069643,0.00990099
31110-31014,209,0.16961013,0.742574257
31200-31211,209,0.525824725,0.227722772
31203-31218,209,0.554815062,0.00990099
31204-31101,209,0.316894369,0.00990099
31229-31503,209,0.755081639,0.316831683
31302-31301,209,0.042985671,0.04950495
31603-31613,209,0.053648784,0.178217822
31613-31617,209,0.606464512,0.485148515
31616-31617,209,0.999333555,0.128712871
31624-31229,209,0.475508164,0.00990099
31214-31604,208,0.981339553,0.603960396
31222-31618,208,0.726424525,0.118811881
31230-31110,208,0.131622792,0.376237624
31301-31305,208,0.935688104,0.00990099
31606-31611,208,0.754748417,0.910891089
31607-31208,208,0.051316228,0.188118812
31201-31505,207,0.085638121,0.138613861
31207-31111,207,0.288570477,0.207920792
31217-31221,207,0.001999334,0.00990099
31221-31103,207,0.212262579,0.475247525
31237-31014,207,0.074308564,0.336633663
31238-31224,207,0.102299234,0.02970297
31302-31300,207,0.15194935,0.01980198
31603-31108,207,0.000999667,0.178217822
31606-31601,207,0.039653449,0.03960396
31624-31238,207,0.021992669,0.653465347
31004-31007,206,0.825724758,0.079207921
31018-31225,206,0.188270576,0.00990099
31100-31623,206,0.249916694,0.059405941
31202-31600,206,0.000333222,0.178217822
31203-31204,206,0.452182606,0.267326733
31205-31108,206,0.000666445,0.108910891
31212-31236,206,0.529156948,0.00990099
31018-31014,205,0.014661779,0.346534653
31105-31236,205,0.000333222,0.435643564
31108-31222,205,0.036987671,0.396039604
31200-31613,205,0.834721759,0.00990099
31201-31220,205,0.175274908,0.287128713
31204-31100,205,0.766744419,0.079207921
31212-31224,205,0.04431856,0.00990099
31223-31216,205,0.993668777,0.099009901
31227-31111,205,0.677440853,0.108910891
31227-31237,205,0.139953349,0.02970297
31228-31620,205,0.034988337,0.782178218
31235-31100,205,0.624458514,0.198019802
31235-31212,205,0.014328557,0.366336634
31304-31212,205,0.085638121,0.00990099
31502-31502,205,0.474508497,0.485148515
31600-31238,205,0.010996335,0.00990099
31602-31109,205,0.670776408,0.287128713
31604-31618,205,0.332889037,0.475247525
31623-31224,205,0.114628457,0.504950495
31004-31006,204,0.278240586,0.089108911
31200-31603,204,0.017994002,0.415841584
31204-31203,204,0.674775075,0.376237624
31208-31611,204,0.13862046,0.01980198
31211-31200,204,0.948017328,0.356435644
31224-31624,204,0.124958347,0.485148515
31619-31232,204,0.02065978,0.851485149
31620-31611,204,0.165944685,0.069306931
31110-31235,203,0.002999,0.326732673
31212-31111,203,0.431856048,0.00990099
31215-31221,203,0.282905698,0.168316832
31219-31610,203,0.891036321,0.178217822
31220-31222,203,0.87904032,0.01980198
31230-31602,203,0.263912029,0.257425743
31232-31609,203,0.175941353,0.702970297
31235-31201,203,0.630456514,0.366336634
31620-31100,203,0.725424858,0.00990099
31101-31218,202,0.925024992,0.237623762
31101-31219,202,0.13862046,0.02970297
31218-31616,202,0.000666445,0.059405941
31222-31215,202,0.046651116,0.415841584
31224-31111,202,0.614461846,0.910891089
31228-31619,202,0.043985338,0.316831683
31235-31237,202,0.490836388,0.267326733
31603-31604,202,0.015661446,0.108910891
31013-31013,201,0.114628457,0.405940594
31102-31204,201,0.173275575,0.128712871
31105-31215,201,0.211929357,0.346534653
31213-31602,201,0.982005998,0.02970297
31217-31101,201,0.140619793,0.415841584
31219-31604,201,0.201266245,0.287128713
31232-31237,201,0.196934355,0.00990099
31238-31204,201,0.002332556,0.900990099
31238-31213,201,0.252915695,0.455445545
31400-31207,201,0.934688437,0.97029703
31503-31229,201,0.0973009,0.108910891
31610-31228,201,0.654781739,0.801980198
31006-31013,200,0.754081973,0.059405941
31203-31233,200,0.133622126,0.495049505
31214-31605,200,0.527824059,0.801980198
31219-31100,200,0.104298567,0.534653465
31221-31216,200,0.517160946,0.00990099
31230-31219,200,0.008663779,0.356435644
31231-31220,200,0.34955015,0.00990099
31238-31105,200,0.82005998,0.158415842
31620-31223,200,0.044985005,0.673267327
